name,state,discovery date,ultimate production
Greasewood,COLO,1930,1066000
Golden Prairie,WYO,1937,2332000
Horse Creek,"COLO,WYO",1942,8060000
Borie,WYO,1949,3130000
Gurley,NEB,1949,2223500
Armstrong,COLO,1950,300000
Buckingham,COLO,1950,515000
Dorman,NEB,1950,4943200
Huntsman,NEB,1950,5030300
Lee,COLO,1950,63417
Loveland,COLO,1950,300000
McLernon,NEB,1950,896000
Merino,COLO,1950,4307000
Mount Hope,COLO,1950,7030000
Walker,"COLO,NEB",1950,2020000
Yenter,COLO,1950,10365000
Arford,COLO,1951,3492
Atwood,COLO,1951,532000
Brownson E.,NEB,1951,274300
Dalton,NEB,1951,292470
Goodrich,COLO,1951,5436
Graylin Northwest,COLO,1951,13365000
Harrisburg,"COLO,NEB",1951,6556700
Johnson,NEB,1951,4259900
Keota,COLO,1951,1265000
Little Beaver,COLO,1951,17345000
Logan,COLO,1951,220000
McCourt,NEB,1951,69673
Messex,COLO,1951,605000
Noonen Ranch,COLO,1951,566000
Padroni,COLO,1951,136500
Pawnee Ck.,COLO,1951,2250000
Potter S.W.,NEB,1951,5690600
Reimers,NEB,1951,3283000
Sidney N.,NEB,1951,1414000
Sisson,NEB,1951,817710
Springdale,COLO,1951,19986
Torgeson,NEB,1951,4763000
Willard,COLO,1951,150200
Abbott,COLO,1952,423000
Beyer,NEB,1952,300740
Cook,NEB,1952,5058900
Dale,"COLO,WYO",1952,805690
Divide,COLO,1952,590000
Dix South,NEB,1952,103170
Duff,NEB,1952,52914
Enders,NEB,1952,9166300
Fleming,"COLO,NEB",1952,1207000
Frenchman Ck.,COLO,1952,107
Goodwin,NEB,1952,901100
Hart,NEB,1952,986970
Kugler,NEB,1952,1300000
Luft,COLO,1952,2805000
Messer,COLO,1952,3639
Middlemist,COLO,1952,2170000
Mount Hope North,COLO,1952,850000
Padroni West,COLO,1952,4265000
Peetz Northwest,COLO,1952,90000
Peetz West,COLO,1952,1678000
Preble,NEB,1952,3176500
Roh,NEB,1952,175580
Rush Willadel,COLO,1952,6200000
Schrack,NEB,1952,361020
Springdale South,COLO,1952,760000
Stoneham,COLO,1952,4645
Stoneham S.,COLO,1952,275000
Tracy,WYO,1952,128000
Woodrow East,COLO,1952,123500
Adena,COLO,1953,62550000
Adobe,COLO,1953,22799
Allely,NEB,1953,763490
Badger Creek,COLO,1953,6434000
Badger Creek W.,COLO,1953,550000
Battle Canyon,COLO,1953,1000000
Big Sandy,COLO,1953,970000
Black Hollow,COLO,1953,10510000
Bonham,COLO,1953,271010
Doran,NEB,1953,4987000
Empire,COLO,1953,3240
Engelland,NEB,1953,836890
Engelland W.,NEB,1953,436760
Franzen,NEB,1953,1196100
Gary,COLO,1953,17119
Johnson Hill,COLO,1953,106
Johnson Hill North,COLO,1953,1858000
Kaufman,NEB,1953,110680
Kimball,NEB,1953,6761200
Krueger,NEB,1953,1206600
Lewis Creek,COLO,1953,5440000
Liberty South,COLO,1953,134870
Liberty West,COLO,1953,950000
Little Hoot,COLO,1953,675000
Long South,COLO,1953,153380
Marcum,NEB,1953,2359
Masters,COLO,1953,370500
McMillen,NEB,1953,28782
McRae,COLO,1953,1415000
Merino Northeast,COLO,1953,91257
Minto,COLO,1953,2270000
Mountain View E.,COLO,1953,50000
Owasco,NEB,1953,684630
Rago,COLO,1953,365000
Raymer Ck.,COLO,1953,209210
Roggen,COLO,1953,2795000
Schnell,NEB,1953,203000
Thompson,NEB,1953,16911
Woodrow West,COLO,1953,594000
Adena South,COLO,1954,584760
Atwood East,COLO,1954,2500000
Big Beaver,COLO,1954,12830000
Bobcat,"COLO,NEB",1954,7330000
Boot Hill,COLO,1954,102970
Buffalo,"COLO,NEB",1954,905720
Cedar Creek,COLO,1954,1100000
Chambers,NEB,1954,556050
Chaney,NEB,1954,544240
Cottonwood,COLO,1954,91000
Dale North,"COLO,WYO",1954,201920
Dietz,NEB,1954,707660
Dimick,NEB,1954,362510
Draw,NEB,1954,564200
Dune Ridge,COLO,1954,1750000
Frasco,COLO,1954,1410000
Ft. Morgan,COLO,1954,160840
Gary North,COLO,1954,307030
Gary West,COLO,1954,45968
Greasewood S.,COLO,1954,215000
Hafeman,NEB,1954,666000
Hinge,COLO,1954,210000
Hoffman,NEB,1954,560160
Horsetail,COLO,1954,257560
Houtby,NEB,1954,3276500
Ittner,NEB,1954,1835200
Jackson,COLO,1954,86697
Johnson Hill East,COLO,1954,42074
Kenmac,NEB,1954,3825000
Kenton,NEB,1954,234040
Knox,COLO,1954,46562
Leader,COLO,1954,158230
Leader East,COLO,1954,618
Leonard,NEB,1954,362580
Liberty,"COLO,NEB",1954,1026000
Little Beaver East,COLO,1954,4300000
Long,NEB,1954,5850700
Maley,NEB,1954,2069500
Minto North,COLO,1954,467000
Mohatt,NEB,1954,399080
Mount Hope East,COLO,1954,2575000
OConnell,NEB,1954,313630
Park,COLO,1954,1175000
Pawnee Hills,COLO,1954,24860
Pelster,NEB,1954,570840
Plum Bush Creek,COLO,1954,20000000
Rago North,COLO,1954,2650000
Rohlfing,NEB,1954,425960
Rosener,COLO,1954,323390
Rush Creek,"COLO,NEB",1954,425080
Sand River,COLO,1954,4006000
Schmid,NEB,1954,129990
Sidney S.W.,NEB,1954,3630100
Sloss,NEB,1954,17032000
Spurgin,COLO,1954,14824
Stony Point,COLO,1954,10006
Swearingen,NEB,1954,1759200
Voss,NEB,1954,448050
Vrtatko,NEB,1954,987250
Westplains,COLO,1954,300000
White Butte,COLO,1954,147000
Windy Hill,COLO,1954,540000
Winkleman,NEB,1954,520240
Woodrow South,COLO,1954,500000
Xenia,COLO,1954,90413
Xenia West,COLO,1954,2630000
Zorichak,COLO,1954,2300000
Abbott North,COLO,1955,6293
Akron E,COLO,1955,3140000
Allen,COLO,1955,430000
Ansel State,NEB,1955,95613
Ashley,COLO,1955,113880
Beacon,COLO,1955,1350000
Bradbury,COLO,1955,374
Buckingham West,COLO,1955,430000
Bukin State,NEB,1955,764210
Busy Bee,COLO,1955,345000
Cabin Creek,COLO,1955,3440
Camp Creek,COLO,1955,239000
Cedar Creek N.,COLO,1955,752000
Cizek,NEB,1955,1284100
Cliff,COLO,1955,6000000
Cotton Valley,COLO,1955,136000
Coyote,"COLO,NEB",1955,1073
Darby Creek,COLO,1955,1840000
Dolcater,NEB,1955,64332
Downer,NEB,1955,415510
Downer W.,NEB,1955,487590
Duggers Spgs.,NEB,1955,195990
Eggleston,NEB,1955,512510
Farr,NEB,1955,40813
Flessner,NEB,1955,18646
Forbes,NEB,1955,259400
Graham,NEB,1955,150440
Hardway,COLO,1955,858000
Henry,NEB,1955,298740
Hoskovec,NEB,1955,5241
Hyde,COLO,1955,2253000
Jacinto,NEB,1955,6702000
Jackpot,COLO,1955,1568000
Jackpot South,COLO,1955,89700
Juelfs-Gaylord,NEB,1955,4673000
Kejr,COLO,1955,3030000
Kejr South,COLO,1955,276000
Kiowa Creek,COLO,1955,53000
Lark,COLO,1955,42289
Lasso,COLO,1955,2156
Last Chance,COLO,1955,705000
Logan North,COLO,1955,132000
Loula,COLO,1955,3703
Lowball,NEB,1955,31433
Messex West,COLO,1955,158480
Mintken,NEB,1955,762970
Morton,NEB,1955,55250
Mosley,COLO,1955,1663
Muddy Creek,"COLO,WYO",1955,155000
Nott,NEB,1955,349470
Nugget,COLO,1955,2475000
Olsen,NEB,1955,5835000
Palmer State,NEB,1955,334880
Pawnee Ck. North,COLO,1955,7171
Peavy,COLO,1955,360640
Peterson,"COLO,NEB",1955,1260300
Petroleum State,NEB,1955,1672300
Phegley,COLO,1955,2570000
Phillips,NEB,1955,903960
Phillips E.,NEB,1955,135840
Pierce,COLO,1955,11090000
Pine Bluffs,WYO,1955,1635000
Platner,COLO,1955,6000
Pleasant Valley,COLO,1955,60000
Pound,NEB,1955,382620
Prairie,NEB,1955,371410
Purdy,COLO,1955,5026
Regent,COLO,1955,178000
Rudolph,NEB,1955,1292600
Rufus Run,COLO,1955,18299
Schneider,NEB,1955,79318
Sell,NEB,1955,261000
Shears Draw,COLO,1955,350000
Shell State,NEB,1955,61566
Spearow,NEB,1955,2849100
Stauffer,NEB,1955,1238100
Stony Buttes,COLO,1955,70357
Surveyor Ck.,COLO,1955,626000
Swan,COLO,1955,3334100
Timpe,COLO,1955,216000
Torrington,WYO,1955,565000
Turner,COLO,1955,454
Vavra,NEB,1955,15246
Vista,COLO,1955,145000
Vowers,NEB,1955,3387600
Westplains North,COLO,1955,25581
Wetzel Ck.,COLO,1955,399310
Winston,COLO,1955,482790
Xenia North,COLO,1955,845000
Young,"COLO,NEB",1955,459230
Zoller State,NEB,1955,1145100
Agate,COLO,1956,30034
Amber,COLO,1956,380000
Anderson,NEB,1956,576190
Aue-Griffith,NEB,1956,4394000
Baltensperger,NEB,1956,1989300
Bar Three,NEB,1956,8939
Barrow,COLO,1956,24380
Barth,NEB,1956,375030
Beall Ck.,COLO,1956,2000000
Beard,NEB,1956,129000
Bertramson,NEB,1956,1304500
Bobcat West,COLO,1956,31133
Burr,COLO,1956,463060
Chester,NEB,1956,12291
Cottonwood South,COLO,1956,155000
Craig,NEB,1956,984840
Cross S.,NEB,1956,770700
Crow,COLO,1956,103000
Darnall,NEB,1956,624730
De Nova,COLO,1956,135000
Evertson,NEB,1956,130760
Fernquist,NEB,1956,2603100
Goat Hill,COLO,1956,800000
Gross,NEB,1956,6289
Hector,COLO,1956,112350
Heidemann,NEB,1956,3335900
Horn,"COLO,NEB",1956,11014
Hruska,NEB,1956,260440
Huffman,NEB,1956,27958
Kleinholz,NEB,1956,53904
Knoll,"COLO,NEB",1956,8496
Lamb,COLO,1956,118950
Lance,COLO,1956,56120
Lane,NEB,1956,1355900
Lawrence Fork,NEB,1956,268310
Levee,COLO,1956,15853
Lindberg,"NEB,WYO",1956,1808100
Lovercheck,NEB,1956,899660
Ludden,NEB,1956,1890400
Lukassen,NEB,1956,450000
May,COLO,1956,437000
McKenzie,COLO,1956,25000
Mosier,NEB,1956,915010
New Windsor,COLO,1956,1190000
North,NEB,1956,10893
Orchard,COLO,1956,565000
Pinneo North,COLO,1956,49000
Prairie View,COLO,1956,60444
Prewitt,COLO,1956,111680
Ridge,COLO,1956,37000
Riggs,NEB,1956,1956600
Rocky Hollow,NEB,1956,706050
Roderick,COLO,1956,2100000
Russell,NEB,1956,2024900
Second Creek,COLO,1956,124000
Spruce,COLO,1956,26000
Stark,NEB,1956,746200
Strain State,NEB,1956,243890
Swisher,NEB,1956,44109
Toof,NEB,1956,15009
Two Mile,COLO,1956,52455
Vedene,NEB,1956,3812300
Westfork,COLO,1956,3750000
Willson Ranch,NEB,1956,8267300
Antelope,"COLO,NEB",1957,8997
Arrowhead,NEB,1957,317060
Azure,COLO,1957,628330
Becker,COLO,1957,24349
Bijou,COLO,1957,1575000
Bourlier,NEB,1957,833440
Buffalo Slough,COLO,1957,65155
Bugle,COLO,1957,417000
Burnett,NEB,1957,2800
Cross,NEB,1957,427710
Doherty,COLO,1957,85000
East Prong,COLO,1957,31211
Edwards,NEB,1957,1602400
Elm Grove,COLO,1957,1350000
Fink,NEB,1957,1131700
Fremont Butte,COLO,1957,9000
Fringe,COLO,1957,122200
Gehrke,NEB,1957,1058600
Grail,COLO,1957,247000
Grubbs,NEB,1957,148260
Hascall,NEB,1957,320250
Heider,NEB,1957,912000
Hill,NEB,1957,1163700
Hyson,NEB,1957,357620
Indian Spgs.,NEB,1957,769000
Keefer,NEB,1957,230630
Key,COLO,1957,745000
Kreizinger,NEB,1957,345930
Loam,COLO,1957,501130
Lone Valley,COLO,1957,820000
Lost Creek,COLO,1957,1065000
McDaniel,NEB,1957,1019000
Monahan,NEB,1957,49249
Murfin,NEB,1957,666750
Oliver,NEB,1957,176580
Ostgren,NEB,1957,1930000
Pan Am,NEB,1957,684760
Pebble,"COLO,NEB",1957,1522800
Pinto,"COLO,NEB",1957,112860
Rabbass,NEB,1957,63242
Raymond,NEB,1957,1617000
Redington,NEB,1957,6079
Shaw,NEB,1957,79900
Skiles,NEB,1957,173800
Slama,NEB,1957,1290300
Smith,NEB,1957,475960
Spurgin N.,COLO,1957,4918
Stevens,NEB,1957,242180
Topaz,COLO,1957,225000
Twin Mills,COLO,1957,225000
Vessels,NEB,1957,358620
Vim,COLO,1957,120610
Voss North,NEB,1957,40114
White,COLO,1957,6000
Wykert,NEB,1957,573990
Allchin,NEB,1958,2249200
Anton,COLO,1958,6861
Arrowhead West,NEB,1958,15232
Barkhoff,NEB,1958,589180
Barrett,NEB,1958,3513400
Baumgartner,NEB,1958,36555
Benziger,NEB,1958,793540
Bijou West,COLO,1958,1210900
Blodgett,NEB,1958,258240
Bowman,NEB,1958,15130
Chandler,NEB,1958,23387
Cone,COLO,1958,154300
Davis,NEB,1958,715830
Dike,COLO,1958,115000
Durham,"NEB,WYO",1958,693020
Flag,COLO,1958,67436
Forsling,NEB,1958,202000
Frederick,NEB,1958,224050
Haack,NEB,1958,102650
Hinshaw,NEB,1958,217680
Hirst,COLO,1958,40600
Hone,COLO,1958,522000
Leafdale,NEB,1958,291350
Lewis,NEB,1958,1623900
Linn,NEB,1958,535940
Luster,COLO,1958,810230
Maas,NEB,1958,139330
Malpais,COLO,1958,27000
Mar,NEB,1958,82180
Mather,NEB,1958,388560
McMurray,NEB,1958,429960
Mead,NEB,1958,63785
Mockett,NEB,1958,776160
Panhandle,NEB,1958,3546
Petsch,NEB,1958,371180
Rake,COLO,1958,458290
Ramp,COLO,1958,1325000
Rill,COLO,1958,125000
Sandy Hill,COLO,1958,122000
Scarp,COLO,1958,543890
Schmoeller,NEB,1958,141200
Shively,NEB,1958,173570
Simpson,"COLO,NEB",1958,2068800
Spar,COLO,1958,805000
Spring Ck.,COLO,1958,61187
Terrace,"COLO,NEB",1958,398390
Tower,"COLO,NEB",1958,70009
Towle,NEB,1958,12905
Trend,"COLO,NEB",1958,513370
Vigor,COLO,1958,67000
Amber South,COLO,1959,4500
Arrow,COLO,1959,1014
Bartow,NEB,1959,1001700
Bergquist,NEB,1959,141690
Blake,NEB,1959,834240
Border,"COLO,NEB",1959,1447000
Bow,COLO,1959,117000
Brinkerhoff,NEB,1959,1382100
Brook,NEB,1959,2054000
Bull Canyon,NEB,1959,785610
Canal,"COLO,NEB",1959,1203500
Centennial,COLO,1959,17285
Coral,COLO,1959,2530
Davy,NEB,1959,130010
Dipper Gap,COLO,1959,130000
Divoky,NEB,1959,173300
Farrell,NEB,1959,192360
Fifer,NEB,1959,106290
Flint,"COLO,NEB",1959,83197
Flower,NEB,1959,30416
Frei,NEB,1959,696860
Garnet,"COLO,NEB",1959,321000
Graff,NEB,1959,1741000
Grant,NEB,1959,207580
Greenwood Creek,NEB,1959,48948
Hadfield,COLO,1959,2433
Haug,NEB,1959,23630
Hendriks E.,NEB,1959,203690
Hopkins,NEB,1959,56925
Jasper,COLO,1959,421000
Lindon,COLO,1959,4000000
Maverick,COLO,1959,10753
Meecham,NEB,1959,119970
Miami,NEB,1959,12653
Midwest,NEB,1959,449260
Moore,COLO,1959,32014
Narrows,COLO,1959,275
Nichols,NEB,1959,446690
Onyx,COLO,1959,696
Opal,COLO,1959,80676
Painter,NEB,1959,465720
Perkins,NEB,1959,109020
Person,NEB,1959,208000
Pile,NEB,1959,44000
Poison Spring,COLO,1959,225000
Reeves,NEB,1959,142760
Roubadeau,NEB,1959,165620
Ruby,COLO,1959,600000
Shield,COLO,1959,1125000
Sinclair,NEB,1959,185570
Soule,NEB,1959,475370
Spath,NEB,1959,922130
Stanley,NEB,1959,1860
Strand,COLO,1959,4248
Sutton,NEB,1959,167720
Viking,NEB,1959,8601
Waitman,NEB,1959,2242800
Weaver,NEB,1959,368980
Weldona,COLO,1959,1937
Willow Spgs.,NEB,1959,131390
Willson Ranch S.,NEB,1959,498000
Ace Hi,NEB,1960,97975
Alpha,"COLO,NEB",1960,174100
Beryl,COLO,1960,195000
Bezique,NEB,1960,79000
Bison,COLO,1960,6000000
Black Jack,"COLO,NEB",1960,1182100
Buckskin,COLO,1960,80000
Cabella,NEB,1960,45857
Chess,COLO,1960,135000
Cornils,NEB,1960,318290
Deer Trail,COLO,1960,395000
Dill,NEB,1960,491020
Ditch,COLO,1960,22000
Dunlap,NEB,1960,1788400
Euchre,NEB,1960,115810
Falstaff,NEB,1960,128110
Faro,"COLO,NEB",1960,1430000
Five Card,NEB,1960,48420
Forge,COLO,1960,112650
Frei West,NEB,1960,1114900
Gabe Rock,NEB,1960,108480
Haussener,NEB,1960,385050
Hawthorne,COLO,1960,7140
Hilltop,NEB,1960,163850
Keno,"COLO,NEB",1960,55842
Lariat,COLO,1960,750000
Lovercheck N.,NEB,1960,207620
Malcolm,NEB,1960,178990
Mantle,COLO,1960,3410
Miracle,NEB,1960,371000
Monte,"COLO,NEB",1960,1866500
New Raymer,COLO,1960,502000
Red Dog,NEB,1960,32681
Ring,COLO,1960,525000
Saddle,COLO,1960,127000
San Arroyo Cr.,COLO,1960,17279
Sapphire,COLO,1960,115650
Sell West,NEB,1960,53886
Showlow,NEB,1960,157080
Track,"COLO,NEB",1960,412000
Trail,COLO,1960,19594
Yukon,NEB,1960,313630
Bronco,COLO,1961,4015
Cactus,COLO,1961,1046
Emerald,"COLO,NEB",1961,739240
Falcon,COLO,1961,250540
Faro North,NEB,1961,1669600
Jack Rabbit,COLO,1961,113680
Mallard,NEB,1961,60829
Matador,NEB,1961,658000
Nabar,COLO,1961,72000
Omega,NEB,1961,246000
Otter,NEB,1961,105200
Pecos,NEB,1961,855910
Pitch,COLO,1961,5182
Pod,"COLO,NEB",1961,1208100
Rio,COLO,1961,36710
Seal,COLO,1961,9961
Settler,COLO,1961,4126
Singleton,NEB,1961,10859000
Strike,COLO,1961,4537
Sulfide,NEB,1961,442000
Tarn,COLO,1961,12273
Vulcan,NEB,1961,7875
Bean,NEB,1962,969100
Bend,NEB,1962,45750
Bijou South,COLO,1962,8226
Blade,COLO,1962,3000000
Bravo,"COLO,NEB",1962,100650
Casino,"COLO,NEB",1962,823980
Cope,COLO,1962,200000
Crest,"COLO,NEB",1962,82989
Deep Creek,NEB,1962,124210
Eddy,NEB,1962,1019700
Foreland,NEB,1962,771640
Fortitude,NEB,1962,6211
Halo,NEB,1962,58355
Hazard,NEB,1962,215080
Hunter,COLO,1962,29007
Ibex,NEB,1962,689000
Idler,NEB,1962,233180
Jubilee,COLO,1962,174000
Llano,NEB,1962,803000
Mustang,COLO,1962,478000
Oxbow,COLO,1962,138000
Pine Bluffs S.,WYO,1962,827000
Saber,COLO,1962,2599300
Saratoga,NEB,1962,19671
Sentry,COLO,1962,89404
Tempest,COLO,1962,1408
Trader,COLO,1962,675000
Tyro,NEB,1962,35788
Wager,NEB,1962,4984
Warrior,COLO,1962,161660
Wildcat Run,NEB,1962,156000
Albin,NEB,1963,216770
Albin N.,NEB,1963,143940
Barefoot,COLO,1963,260720
Bonito,COLO,1963,1975
Bounty,COLO,1963,120000
Bushnell,NEB,1963,51941
Cedar Valley,NEB,1963,4008100
Cody,COLO,1963,1304000
Cove,NEB,1963,226180
Dix,NEB,1963,26016
Felis Tigris,NEB,1963,188050
Flail,NEB,1963,38541
Foot Hill,NEB,1963,30516
Inlet,NEB,1963,447000
Jitter,COLO,1963,187000
Kame,NEB,1963,551900
Lamborn Draw,COLO,1963,3305
Lobo,COLO,1963,400000
Lodge,COLO,1963,12739
Maple,COLO,1963,6917
Plains,"COLO,NEB",1963,351390
Plainsman,COLO,1963,112450
Ranchero,COLO,1963,1005000
Ranger,COLO,1963,1200000
Rawhide,COLO,1963,180000
Apollo,COLO,1964,69311
Baxter Lake,COLO,1964,252000
Bonanza,COLO,1964,1280000
Boxer,COLO,1964,4150000
Buckaroo,COLO,1964,317800
Calhoun,COLO,1964,222000
Darnall S.W.,NEB,1964,503870
Dorado,COLO,1964,200000
Epworth,NEB,1964,175000
Fifer N.E.,NEB,1964,217570
Indian Cave,COLO,1964,320000
Jade,"COLO,NEB",1964,426160
Minatare,NEB,1964,1712500
Minatare N.,NEB,1964,964450
Moccasin,COLO,1964,1144000
Mustang Canyon,NEB,1964,47058
Owl,NEB,1964,297520
Parma,NEB,1964,103000
Patrol,COLO,1964,142720
Pillar,NEB,1964,170000
Range,NEB,1964,93745
Ruddy,NEB,1964,151240
Shore,NEB,1964,147600
Shoreline,COLO,1964,9128
Sioux,"COLO,NEB",1964,512050
Stage Hill,NEB,1964,1538000
Tallyho,NEB,1964,82201
Tomahawk,COLO,1964,195000
Travois,COLO,1964,165000
Wewoka,NEB,1964,75585
Azure East,COLO,1965,50403
Camino,COLO,1965,90168
Casey,NEB,1965,529000
Filon,NEB,1965,1174500
Ford,COLO,1965,926
Gringo,COLO,1965,1521
Heath,NEB,1965,1312
Marvel,NEB,1965,459000
Schnell S.,NEB,1965,17164
Tampa,COLO,1965,512000
Voltage,COLO,1965,207000
Wild Horse,COLO,1965,1020000
Wilson,NEB,1965,14265
Wrangler,COLO,1965,33136
Able,COLO,1966,306000
Cayuse,COLO,1966,91971
Clara,NEB,1966,32849
Concho,COLO,1966,345000
Epiphany,COLO,1966,245000
Flah,NEB,1966,4712
Justice,COLO,1966,400000
Larson Ranch,NEB,1966,2464
Long Spgs.,NEB,1966,1425
Noria,COLO,1966,34092
North Shore,COLO,1966,330630
Pasha,NEB,1966,62000
Reimers S.W.,NEB,1966,75000
Sawbuck,COLO,1966,22573
Stagecoach,COLO,1966,133000
Union,NEB,1966,23606
Ursa,NEB,1966,77028
Wampum,COLO,1966,215000
Ward,COLO,1966,32247
Chaparral,COLO,1967,25000
Cimmaron,COLO,1967,2500000
Fiesta,COLO,1967,152000
Gulch,NEB,1967,36295
Hole-in Rock,NEB,1967,317670
Meseta,NEB,1967,1829
Poco,COLO,1967,281
Rattlesnake,COLO,1967,102000
Rodman,NEB,1967,658690
Roman Nose,COLO,1967,955000
Roundup,COLO,1967,182800
Seep,NEB,1967,15212
Surge,NEB,1967,42757
Yoyo,COLO,1967,245000
Apex,COLO,1968,48683
Axial,NEB,1968,886490
Bajada,NEB,1968,248000
Bluff,NEB,1968,315060
Caribou,COLO,1968,700000
Chimney Canyon,COLO,1968,77513
Cloverleaf,COLO,1968,285000
Dome,NEB,1968,53000
Endo,NEB,1968,310120
Isthmus,NEB,1968,120970
Keystone,COLO,1968,16513
Link,NEB,1968,69000
Marlowe,NEB,1968,52000
Plica,NEB,1968,116990
Pow Wow,COLO,1968,640000
Redwing,COLO,1968,1425000
Sleeper,COLO,1968,552000
Stirrup,COLO,1968,400000
Tom-tom,COLO,1968,10000
Tumbleweed,COLO,1968,132000
Winchester,COLO,1968,120000
Ambage,NEB,1969,7644
Basin,NEB,1969,359000
Becky,NEB,1969,20820
Belle,COLO,1969,1064000
Cable,"COLO,NEB",1969,123100
Cantina,COLO,1969,96000
Cinch,COLO,1969,22728
Crystal,COLO,1969,35000
Cutlass,COLO,1969,7893
Dance,"COLO,NEB",1969,212450
Dart,COLO,1969,300000
Gunsmoke,COLO,1969,29310
Ironhorse,COLO,1969,115000
Lantern,COLO,1969,1018
Morningside,COLO,1969,9090
Nile,COLO,1969,3005000
Oregon Trail,NEB,1969,203000
Ramrod,COLO,1969,301790
Red Cloud,COLO,1969,285000
Rimrock,COLO,1969,13549
Sooner,COLO,1969,1700000
Sun,COLO,1969,691000
Upland,NEB,1969,34285
Bennett,COLO,1970,269000
Blue Bend,NEB,1970,235000
Bridgeport,NEB,1970,1819300
Byers,COLO,1970,537000
Comanche Ck,COLO,1970,2230000
Couger,COLO,1970,24000
Dance South,COLO,1970,50000
Dull Knife,COLO,1970,15537
Echo Canyon,COLO,1970,16099
Fury,COLO,1970,145000
Gem,NEB,1970,19634
Hombre,COLO,1970,1272000
Ickes,NEB,1970,6366
Jamboree,COLO,1970,975000
Margate,NEB,1970,1088000
Peoria,COLO,1970,18200000
Peoria Gas,COLO,1970,28000
Peoria North,COLO,1970,845000
Pleasant Ridge,COLO,1970,285000
Point Bar,COLO,1970,65000
Pyrite,NEB,1970,117000
Ringer,COLO,1970,1021
Scout,COLO,1970,32314
Shivaree,COLO,1970,3940
Sundown,COLO,1970,90000
Wattenberg,COLO,1970,23103000
Windy,COLO,1970,1406
Bombing Range,COLO,1971,157000
Bowstring,COLO,1971,26000
Caballero,COLO,1971,37150
Campana,COLO,1971,48930
Chileno,COLO,1971,660
Dragoon,COLO,1971,1480000
Fort Laramie,NEB,1971,91484
Frontier,COLO,1971,215000
Hawkeye,COLO,1971,166000
Johnson S.E.,NEB,1971,460790
Jormar,NEB,1971,2358000
Latigo,COLO,1971,365000
Middle Creek,NEB,1971,868870
Poncho,COLO,1971,1588000
Prospect,COLO,1971,11000
Renegade,COLO,1971,2194
Tapadero,COLO,1971,1812
Third Creek,COLO,1971,4408000
Totem,COLO,1971,315000
Trapper,COLO,1971,1550000
Trigger,COLO,1971,392000
Unos,NEB,1971,65000
Wahoo,COLO,1971,230000
War Dance,COLO,1971,5461
Yucca,COLO,1971,1245
Brush,WYO,1972,365
Buckeye,COLO,1972,9466
Bunker Hill,NEB,1972,224460
Courthouse Rock,NEB,1972,173090
Eaglet,NEB,1972,155000
First Creek,COLO,1972,55000
Holster,COLO,1972,586000
Homestead,COLO,1972,75000
Irondale,COLO,1972,1627000
Johnstown,COLO,1972,48000
Kitty,COLO,1972,118000
Longbranch,COLO,1972,695000
Lowry,COLO,1972,1441000
Manila,COLO,1972,10000
Musket,COLO,1972,54555
Omar,COLO,1972,2669
Peace Pipe,COLO,1972,100000
Plateau,NEB,1972,202000
Pronghorn,COLO,1972,663000
Pyramid,COLO,1972,6978
Raindrop,COLO,1972,526
Reward,COLO,1972,14000
Snowflake,COLO,1972,23472
Sodbuster,COLO,1972,380000
Spindle,COLO,1972,54292000
Sylvan,NEB,1972,79169
Thunderbird,COLO,1972,12496
Vimy Ridge,COLO,1972,1150
Wind Song,COLO,1972,80000
Winston North,COLO,1972,175000
Zephyr,COLO,1972,26893
Ambush,COLO,1973,345000
Antler,COLO,1973,201000
Beta,NEB,1973,200000
Bootjack,COLO,1973,10000
Cartwheel,COLO,1973,4121
Chieftain,COLO,1973,1060000
Double Eagle,COLO,1973,110000
Double Tree,COLO,1973,350000
Feather,COLO,1973,65000
Grover,COLO,1973,19112
Hereford,COLO,1973,48000
Host,NEB,1973,130330
Jet,NEB,1973,16851
Lido,COLO,1973,4000
Maria,COLO,1973,108000
Poncho South,COLO,1973,83000
Pony,COLO,1973,27000
Rohlfing N.,NEB,1973,53000
Sidewinder,COLO,1973,550000
Snowbird,COLO,1973,16928
Space City,COLO,1973,303000
Stampede,COLO,1973,25000
Sunup,COLO,1973,213000
Trail South,COLO,1973,44132
Tribute,COLO,1973,871
Warlock,COLO,1973,215000
Warpaint,COLO,1973,5
Alden,NEB,1974,46000
Ande,NEB,1974,4355
Banner,COLO,1974,1286
Bead,COLO,1974,63408
Bear Gulch,COLO,1974,354000
Bluejay,COLO,1974,37000
Box Elder Ck.,COLO,1974,24000
Draw S.,NEB,1974,24774
Eagle,COLO,1974,15506
Flintlock,COLO,1974,13356
G-Mar,NEB,1974,31421
Guidon,COLO,1974,21000
Ittner S.E.,NEB,1974,80000
Jana,NEB,1974,488
Jeeper,COLO,1974,85000
Joyce,NEB,1974,613000
Kachina,COLO,1974,1303000
Lanyard,COLO,1974,3366000
Little Hoot South,COLO,1974,32000
Lone Tree,COLO,1974,2942000
Muskrat,COLO,1974,3000
Pleasant View,NEB,1974,102000
Rainbow,COLO,1974,415000
Scabbard,COLO,1974,51000
Sloan,COLO,1974,103000
Teepee,"COLO,NEB",1974,3215
Thistle,COLO,1974,16763
Waite Lake,COLO,1974,740000
Wigwam,COLO,1974,488000
Wishbone,COLO,1974,212000
Aqueduct,WYO,1975,6609
Big Bend,COLO,1975,100000
Bluebell,COLO,1975,150000
C-H,NEB,1975,208000
Cantle,COLO,1975,76
Channel,COLO,1975,18930
Chugsprings,WYO,1975,3529
Clem,NEB,1975,33655
Diane,NEB,1975,61000
Gap,NEB,1975,71000
Hambert,COLO,1975,1125000
Horseshoe,"COLO,NEB",1975,10086
Independence,COLO,1975,830
Jackknife,COLO,1975,4705
Judi,NEB,1975,43244
Keg,COLO,1975,234
Latch String,COLO,1975,32800
Nay Ranch,COLO,1975,2255
Palomino,COLO,1975,17452
Pike,COLO,1975,799
Pommel,COLO,1975,4500
Pris,NEB,1975,857
Pronto,COLO,1975,110000
Rowel,COLO,1975,110000
Sheehan,COLO,1975,14000
Shelda,NEB,1975,607000
Stage Stop,COLO,1975,32000
Taco,COLO,1975,12000
Tap,COLO,1975,175000
Tee-A,NEB,1975,63000
Titan,COLO,1975,21518
Turquoise,COLO,1975,220000
Velvet,COLO,1975,27467
Camp Clark,NEB,1976,13262
Cannon,COLO,1976,40000
Chinook,COLO,1976,335000
Chivington,WYO,1976,1150000
Crackerjack,COLO,1976,7500
Dandy,COLO,1976,32000
Deadeye,COLO,1976,1037000
Diamond,NEB,1976,12339
Dugout,COLO,1976,3858
Dye,NEB,1976,11000
Egret,COLO,1976,34000
Radar,COLO,1976,1476000
Rain Dance,COLO,1976,14840
Redington Gap,NEB,1976,629
Songbird,COLO,1976,286000
Stockade,COLO,1976,46000
Strausburg,COLO,1976,105000
Sunbonnet,COLO,1976,3425
Swearingen E.,NEB,1976,49000
Tenderfoot,COLO,1976,13000
Wheeler Lake,COLO,1976,5500
Worden,NEB,1976,404000
Braid,COLO,1977,13000
Buckskin East,COLO,1977,2839
Bullwacker,COLO,1977,4780
Cross East,NEB,1977,1618
Draw N.,NEB,1977,35000
Drifter,COLO,1977,1317
Gaslight,COLO,1977,650
Gingham,COLO,1977,24000
Hurry Up,COLO,1977,16600
Idle Acres,NEB,1977,587780
Jennie,NEB,1977,68000
Lone Star,COLO,1977,100000
Monahan Lakes,COLO,1977,17000
Ram,COLO,1977,4051
Rancher,NEB,1977,201000
Rie,NEB,1977,29000
Roger,NEB,1977,232000
Simpson E.,NEB,1977,607000
Snyder,NEB,1977,80000
Susan,NEB,1977,510000
Thorp,NEB,1977,29038
Union Valley,NEB,1977,59000
Warner Ranch,NEB,1977,448000
Wild Card,COLO,1977,9623
Aristocrat,COLO,1978,625000
Boren,NEB,1978,54000
Bright,NEB,1978,14090
Caballo,COLO,1978,14500
Cook West,NEB,1978,246000
Davison,NEB,1978,843
Derrick,NEB,1978,1016000
Dump,NEB,1978,9000
Ehmke,NEB,1978,81000
Enigma,COLO,1978,8000
Fairway,COLO,1978,343000
Faust,NEB,1978,60000
Hendriks,NEB,1978,123000
High Line,NEB,1978,138000
Howard,NEB,1978,70000
Jesse,COLO,1978,65000
Loco,COLO,1978,1687
Nike,NEB,1978,155950
Pocket,NEB,1978,89000
Polo,WYO,1978,3024
Short,NEB,1978,20000
Supaha,COLO,1978,45000
Tyson,NEB,1978,30690
Uranus,COLO,1978,115000
Zodiac,COLO,1978,1406
Apatite,NEB,1979,131000
Brook S.,NEB,1979,250000
Cheyenne,WYO,1979,3468
Ember,COLO,1979,32000
Hoolahan,COLO,1979,54000
Hot Dog,COLO,1979,524
Katie,COLO,1979,20000
Marker,NEB,1979,109000
Nugent,NEB,1979,172000
Orion,COLO,1979,5000
Parallel,WYO,1979,1116
Pinto North,COLO,1979,20000
Pole,NEB,1979,71000
Power Plant,NEB,1979,238000
Quail,COLO,1979,602000
Quarry,COLO,1979,38000
Quill,COLO,1979,460000
Rolling Hills,COLO,1979,17000
Snowdrift,COLO,1979,11729
Stubble,COLO,1979,2985
Table,NEB,1979,43516
Triple J,NEB,1979,84376
Zenith,COLO,1979,776000
Appaloosa,COLO,1980,125240
Arroyo,COLO,1980,1540000
Base Line,COLO,1980,1031000
Benish,NEB,1980,339
Big Horn Gulch,NEB,1980,91000
Brittannia,COLO,1980,55000
Bromley,COLO,1980,141000
Buckhorn,COLO,1980,294
Burchfield,NEB,1980,54482
Calumet,COLO,1980,5700
Chimney Rock,NEB,1980,31000
Dealer,COLO,1980,35000
Dry Gulch,COLO,1980,132
Emblem,COLO,1980,1282
Fence Post,COLO,1980,170000
Football,COLO,1980,12000
Gazelle,COLO,1980,46000
Icon,COLO,1980,776
Jupiter,COLO,1980,183000
Krauthead,COLO,1980,754910
Longhorn,COLO,1980,17491
Lyon,NEB,1980,35
Nimbus,COLO,1980,10789
Northeast Riverside,COLO,1980,542000
Oriole,COLO,1980,4500
Pheasant,COLO,1980,4000
Pollen,COLO,1980,250000
Porter,COLO,1980,39000
Prime,NEB,1980,105710
Quirt,COLO,1980,289
Running Creek,COLO,1980,36000
Santo,COLO,1980,7500
Silver,NEB,1980,55000
Thunder,NEB,1980,47772
Venus,COLO,1980,243
Whirlpool,COLO,1980,23500
Wildcat Creek,COLO,1980,84000
Acrobat,COLO,1981,1500
Albin W.,NEB,1981,106000
Banner Lakes,COLO,1981,958000
Boisen,NEB,1981,12000
Bracewell,COLO,1981,2660000
Brave,COLO,1981,27000
Bristle,COLO,1981,3000
Buck,"COLO,NEB",1981,14171
Butler,WYO,1981,2462
Caledonia,COLO,1981,905000
Carousel,COLO,1981,43000
Cauldron,COLO,1981,100000
Chalice,COLO,1981,80000
Chalk Bluffs,WYO,1981,1715
Coachman,COLO,1981,1131
County Line,COLO,1981,90000
DD,NEB,1981,2071
Dearfield,COLO,1981,6471
Electra,COLO,1981,48000
Ermine,COLO,1981,5000
Ferret,COLO,1981,11000
Flat Land,WYO,1981,28000
Full House,COLO,1981,132000
Gambler,COLO,1981,100000
Gambrel,COLO,1981,7004
Grandview,NEB,1981,557000
Granny,COLO,1981,7000
Gullible,COLO,1981,102000
Hagstrom,NEB,1981,18000
Hamil Ranch,COLO,1981,15000
Happy Dog,COLO,1981,12000
Heart,COLO,1981,10000
Impala,COLO,1981,6000
Intrepid,COLO,1981,53000
Ladle,COLO,1981,27
Lake Canal,COLO,1981,47500
Lakeside,COLO,1981,242000
Lapoudre,COLO,1981,127000
Lapoudre South,COLO,1981,528000
Lunar,COLO,1981,6000
North Riverside,COLO,1981,20000
Oasis,COLO,1981,185000
Pawnee Buttes,COLO,1981,1625
Pintail,COLO,1981,2690
Point of Rocks,COLO,1981,9155
Puma,COLO,1981,63000
Ramey,COLO,1981,14000
Razor,COLO,1981,15000
Reep,NEB,1981,55000
Roadside,COLO,1981,57000
Roughneck,COLO,1981,257000
Roulette,COLO,1981,160000
Rover,NEB,1981,7000
Sable,COLO,1981,231
Seven Cross,COLO,1981,13466
Shogun,NEB,1981,95941
Signal Hill,NEB,1981,7644
Silo,WYO,1981,1730000
Sonar,COLO,1981,238000
Top West,NEB,1981,495
Union Reservoir,COLO,1981,1598
Valentine,COLO,1981,199
Vortex,COLO,1981,1500000
Watkins,COLO,1981,756
Wildwood,COLO,1981,23553
Woodchuck,COLO,1981,24000
Anvil,COLO,1982,48500
Arcola,WYO,1982,9000
Baack,NEB,1982,62000
Barbwire,COLO,1982,148000
Burns,WYO,1982,2229
Coalbank Ck.,COLO,1982,17000
Conestoga,COLO,1982,573
Cypress,COLO,1982,127000
Eaton,COLO,1982,2710000
Firecreek,COLO,1982,10000
Greely,COLO,1982,1950000
Gun,WYO,1982,6000
Harvey,NEB,1982,41000
Hoffman Ck.,COLO,1982,118000
Hoy Gulch,COLO,1982,14000
Incline,COLO,1982,240000
Kettle,COLO,1982,2029
Kirk,NEB,1982,53228
Leather,COLO,1982,25000
Lynx,NEB,1982,203870
Marks Butte N.,COLO,1982,102000
Matador E.,NEB,1982,345000
Noonen Ranch S.,COLO,1982,77000
Nunn,COLO,1982,1191
Orchard West,COLO,1982,257
Owl Creek,COLO,1982,245000
Racoon,COLO,1982,27000
Ripple,COLO,1982,2501
Rodeo Bullfighter,COLO,1982,5000
Shoal,COLO,1982,15300
Tri State Canal,NEB,1982,18000
Unicorn,COLO,1982,12000
Valley,COLO,1982,197060
Wallbanger,COLO,1982,5832000
Wiggins,COLO,1982,149
Wyatt School,COLO,1982,18000
Albin E.,NEB,1983,18000
Black Hollow N.W.,COLO,1983,2107
Broken Fork,COLO,1983,202000
Chance,COLO,1983,1033
Chaney E.,NEB,1983,199000
Claude,NEB,1983,156000
Extol,NEB,1983,48000
Goose,COLO,1983,161000
Greasewood Flats,COLO,1983,9500
Hawk Springs,WYO,1983,11000
High Pockets,COLO,1983,530000
King Lake,COLO,1983,1243
KMA,NEB,1983,41000
Mako,COLO,1983,2500
Mescalero,COLO,1983,15000
Pad,NEB,1983,235000
Ratliff,NEB,1983,5500
Repose,NEB,1983,11000
Roman Nose N.,COLO,1983,100000
Serendipity,COLO,1983,22000
Severence,COLO,1983,197000
Tootsie,COLO,1983,233
Wickiup,COLO,1983,42000
William,NEB,1983,1379
Yuk,COLO,1983,52000
Acme,COLO,1984,2600
Arbor,COLO,1984,175000
Ault,COLO,1984,15000
Badger,NEB,1984,9000
Bassett,COLO,1984,1778
Bingo,COLO,1984,67000
Boneyard,COLO,1984,109000
Broker,COLO,1984,3000
Crazy Horse,COLO,1984,18000
Crow Creek,COLO,1984,4725
Galeton,COLO,1984,30000
Harlech,COLO,1984,16000
Hotspur,COLO,1984,160000
Huckebee,COLO,1984,1656
Judd,NEB,1984,38082
Kersey,COLO,1984,1125000
Mandella,COLO,1984,116000
Midnight,COLO,1984,60000
Millstone,NEB,1984,1342
Mouthpiece,COLO,1984,30000
Patrol North,COLO,1984,15000
Peak View,COLO,1984,618000
Rubicon,COLO,1984,43000
Sandy,COLO,1984,7481
Vedene S.W.,NEB,1984,74000
Vein,NEB,1984,66587
Wild Rose,COLO,1984,4700
Woodlin,COLO,1984,52000
Wringer,COLO,1984,963
Baker,COLO,1985,28733
Beaver Ck.,COLO,1985,190000
Bird,NEB,1985,29006
Bluebird,COLO,1985,760000
Boom,COLO,1985,60000
Bowl,COLO,1985,125000
Bud,COLO,1985,50000
Calichi,NEB,1985,28000
Camp Creek West,COLO,1985,63000
Cole,COLO,1985,25000
Erin,COLO,1985,22000
Ewing,NEB,1985,10000
First-One,COLO,1985,39000
Gravel,COLO,1985,809
Lindberg E.,WYO,1985,66000
Lueck,NEB,1985,58000
Overlook,COLO,1985,35000
Prairie E.,NEB,1985,582000
Prism,COLO,1985,52000
Runnymeade,COLO,1985,2000
Ruth,NEB,1985,216000
Sandia Peak,COLO,1985,15600
Schuler,NEB,1985,66434
Tom Cat,COLO,1985,17000
Tornado Butte,COLO,1985,47000
Yoder,WYO,1985,33000
Amazon,NEB,1986,94349
Bluebell South,COLO,1986,2500
Brittney,COLO,1986,50000
Bunting,COLO,1986,12000
Circle,COLO,1986,3000
Doodlebug,COLO,1986,6000
Kame S.,NEB,1986,3519
Lady K,COLO,1986,7000
Newport,NEB,1986,26000
Reflex,COLO,1986,5000
Mamoo,NEB,1987,23000
Platte,NEB,1987,100000
